Name,Season,Placement,Avg Fan Vote %,Season Avg Fan %,Fan Vote Advantage,Avg Judge Score,Season Avg Judge,Judge Disadvantage
Jerry Rice,2,2,20.297155075925204,15.384615384615385,4.912539691309819,22.083333333333332,23.743589743589745,1.6602564102564124
Billy Ray Cyrus,4,5,13.55291596784923,13.333333333333332,0.21958263451589843,19.857142857142858,23.291666666666668,3.43452380952381
Bristol Palin,11,3,15.150912310004486,13.333333333333332,1.8175789766711539,23.187475,24.416655,1.2291799999999995
Bobby Bones,27,1,11.594790202697254,10.714285714285714,0.8805044884115407,22.25,24.660714285714285,2.4107142857142847
