Method,Skill Priority,Fan Priority,Balanced,Controversy Avoidance
RANK,0.31228846355817896,0.6549153854232717,0.5131103859483981,0.6311442317790894
PERCENT,0.24388231859476667,0.5776502935987999,0.4231170750000963,0.4725201506133486
RANK_B2,0.314396298087834,0.6834329378397848,0.5275480683658774,0.6420818699741495
