Method,JFAC_mean,JFAC_95ci,FVLI_mean,FVLI_95ci,ODS_mean,ODS_95ci
RANK,-0.3087564062169755,"[-0.494, -0.139]",0.8333333333333334,"[0.796, 0.864]",0.0,"[nan, nan]"
PERCENT,-0.23814441901812,"[-0.316, -0.167]",0.8744154976619907,"[0.872, 0.877]",0.37309523809523804,"[0.279, 0.469]"
RANK_B2,-0.3308973263049522,"[-0.389, -0.266]",0.8992248062015504,"[0.890, 0.907]",0.0,"[0.000, 0.000]"
