Method,JFAC,FVLI,ODS
RANK,-0.3087564062169755,0.8333333333333334,0.0
PERCENT,-0.23814441901812003,0.8744154976619907,0.3730952380952381
RANK_B2,-0.3308973263049522,0.8992248062015504,0.0
